,0
0,AACG
1,AADI
2,AAIC
3,AAMC
4,AAME
5,AAOI
6,AATC
7,ABDC
8,ABEO
9,ABIO
10,ABOS
11,ABST
12,ABUS
13,ABVC
14,ACER
15,ACET
16,ACHL
17,ACHV
18,ACIU
19,ACLX
20,ACON
21,ACOR
22,ACRS
23,ACRX
24,ACST
25,ACTG
26,ACXP
27,ADAG
28,ADAP
29,ADES
30,ADGI
31,ADIL
32,ADMA
33,ADMP
34,ADMS
35,ADSE
36,ADTX
37,ADVM
38,ADXN
39,ADXS
40,AEHL
41,AEHR
42,AEMD
43,AERC
44,AERI
45,AESE
46,AEYE
47,AEZS
48,AFCG
49,AFIB
50,AGFS
51,AGFY
52,AGIL
53,AGLE
54,AGMH
55,AGRI
56,AGRX
57,AGTC
58,AHPI
59,AIHS
60,AIKI
61,AINC
62,AIRG
63,AIRI
64,AIRT
65,AKAN
66,AKBA
67,AKRO
68,AKTS
69,AKTX
70,AKUS
71,AKYA
72,ALCO
73,ALDX
74,ALGS
75,ALIM
76,ALJJ
77,ALLK
78,ALLR
79,ALLT
80,ALNA
81,ALOT
82,ALPN
83,ALPP
84,ALRN
85,ALSK
86,ALTG
87,ALTO
88,ALVR
89,ALYA
90,ALZN
91,AMAM
92,AMBO
93,AMOT
94,AMPE
95,AMPG
96,AMPY
97,AMRB
98,AMSC
99,AMST
100,AMTD
101,IDEA
102,AMTI
103,AMTX
104,ANEB
105,ANGH
106,ANGN
107,ANIK
108,ANIX
109,ANNX
110,ANPC
111,ANTE
112,ANVS
113,AOMR
114,AOUT
115,APCX
116,APDN
117,APEI
118,APEN
119,APEX
120,APLD
121,APLT
122,APPH
123,APRE
124,APRN
125,APTO
126,APTX
127,APVO
128,APWC
129,APYX
130,AQMS
131,AQST
132,ARAV
133,ARAY
134,ARDS
135,ARDX
136,AREB
137,AREC
138,AREN
139,ARIS
140,ARKR
141,ARMP
142,ARTL
143,ARTW
144,ARTX
145,ASFI
146,ASLN
147,ASMB
148,ASNS
149,ASPN
150,ASPS
151,ASPU
152,ASRT
153,ASRV
154,ASTC
155,ASTS
156,ASUR
157,ASXC
158,ASYS
159,ATAI
160,ATCX
161,ATER
162,ATHA
163,ATHE
164,ATHX
165,ATIF
166,ATIP
167,ATNF
168,ATNM
169,ATNX
170,ATOM
171,ATOS
172,ATRO
173,ATTO
174,ATXI
175,ATXS
176,AUGX
177,AUID
178,AUMN
179,AUST
180,AUTL
181,AUTO
182,AUUD
183,AUVI
184,AVCO
185,AVCT
186,AVDL
187,AVEO
188,AVGR
189,AVIR
190,AVNW
191,AVRO
192,AVTE
193,AVTX
194,AWRE
195,AXAS
196,AXDX
197,AXGN
198,AXLA
199,AXTI
200,AYLA
201,AYRO
202,AYTU
203,AZYO
204,BAOS
205,BBCP
206,BBGI
207,BBIG
208,BBLG
209,BCAB
210,BCDA
211,BCEL
212,BCLI
213,BCML
214,BCOV
215,BCOW
216,BCTF
217,BCTX
218,BDSX
219,BDTX
220,BEAT
221,BEDU
222,BEEM
223,BEST
224,BFRI
225,BGFV
226,BGSF
227,BGXX
228,BHAT
229,BIMI
230,BIOC
231,BIOL
232,BIOR
233,BIVI
234,BJDX
235,BKEP
236,BKSC
237,BKSY
238,BKTI
239,BKYI
240,BLBX
241,BLCM
242,BLCT
243,BLIN
244,BLNK
245,BLPH
246,BLRX
247,BLTE
248,BLUE
249,BMEA
250,BMRA
251,BMTX
252,BNED
253,BNFT
254,BNGO
255,BNSO
256,BNTC
257,BOLT
258,BOOM
259,BORR
260,BOSC
261,BOTJ
262,BOXD
263,BOXL
264,BPTH
265,BPTS
266,BRAG
267,BRCN
268,BRDS
269,BRFH
270,BRID
271,BRQS
272,BRSH
273,BRTX
274,BSET
275,BSFC
276,BSGM
277,BSQR
278,BSVN
279,BTAI
280,BTBD
281,BTBT
282,BTCM
283,BTCS
284,BTCY
285,BTMD
286,BTOG
287,BTTR
288,BTTX
289,BVSN
290,BVXV
291,BWAY
292,BWEN
293,BWMN
294,BXRX
295,BYFC
296,BYRN
297,BYSI
298,BZUN
299,CAAS
300,CABA
301,CADL
302,CALA
303,CAMP
304,CANF
305,CANG
306,CAPR
307,CARV
308,CASA
309,CASI
310,CATO
311,CBAN
312,CBAT
313,CBAK
314,CBAY
315,CBFV
316,CBIO
317,CBMB
318,CCCC
319,CCEL
320,CRYO
321,CELL
322,CCLP
323,CCNC
324,CCRD
325,CDAK
326,CDRO
327,CDTX
328,CDXC
329,CDZI
330,CEAD
331,CECE
332,CELC
333,CELU
334,CELZ
335,CEMI
336,CENN
337,CETX
338,CFBI
339,CFBK
340,CFMS
341,CFRX
342,CGEM
343,CGEN
344,CGNT
345,CGRN
346,CGTX
347,CHCI
348,CHEK
349,CHMG
350,CHMI
351,CHNR
352,CHPT
353,CHRA
354,CHUY
355,CIDM
356,CING
357,CIRC
358,CISO
359,CIZN
360,CJJD
361,CKPT
362,CLBS
363,CLDB
364,CLDX
365,CLEU
366,CLGN
367,CLIR
368,CLLS
369,CLNN
370,CLPR
371,CLPS
372,CLPT
373,CLRB
374,CLRO
375,CLSD
376,CLSK
377,CLSN
378,CLVR
379,CLVS
380,CLWT
381,CLXT
382,CMBM
383,CMCL
384,CMCM
385,CMLS
386,CMMB
387,CMPI
388,CMPO
389,CMPS
390,COMP
391,CMPX
392,CMRA
393,CMRX
394,CMTL
395,CNCE
396,CNET
397,CNEY
398,CNFR
399,CNNB
400,CNSP
401,CNTA
402,CNTB
403,CNTG
404,CNTX
405,CNTY
406,CNVY
407,CNXA
408,COCP
409,CODA
410,CODX
411,COGT
412,COHN
413,COMS
414,CONN
415,CORR
416,CORV
417,COSM
418,CPAA
419,CPAH
420,CPHC
421,CPHI
422,CPIX
423,CPLP
424,CPOP
425,CPSH
426,CPSI
427,CPSS
428,CPTN
429,CRBP
430,CRBU
431,CRDF
432,CRDL
433,CREG
434,CREX
435,CRIS
436,CRKN
437,CRMD
438,CRNT
439,CRTD
440,CRTX
441,CRVS
442,CRWS
443,CRXT
444,CSBR
445,CSCW
446,CSPI
447,CSSE
448,CTEK
449,CTHR
450,CTIB
451,CTIC
452,CTLP
453,CTMX
454,CTRM
455,CTRN
456,CTSO
457,CTXR
458,CUEN
459,CULP
460,CURI
461,CURO
462,CVEO
463,CVGI
464,CVLG
465,CVRX
466,CWBC
467,CWBR
468,CWCO
469,CXDC
470,CXDO
471,CYAD
472,CYAN
473,CYBE
474,CYBN
475,CYCC
476,CYCN
477,CYRN
478,CYRE
479,CYTH
480,CYTO
481,EARS
482,CZOO
483,CZWI
484,DAIO
485,DAKT
486,DALN
487,DARE
488,DATS
489,DAWN
490,DBGI
491,DBTX
492,DBVT
493,DCTH
494,DERM
495,DFFN
496,DGHI
497,DGLY
498,DIBS
499,DJCO
500,DLHC
501,DLNG
502,DLPN
503,DLTH
504,DMAC
505,DMTK
506,DNAY
507,DNMR
508,DOGZ
509,DOYU
510,DPDW
511,DPRO
512,DPSI
513,DRCT
514,DRIO
515,DRMA
516,DRRX
517,DRTT
518,DIRT
519,DRUG
520,DSKE
521,DSWL
522,DTEA
523,DTIL
524,DTSS
525,DTST
526,DUOT
527,DWAC
528,DWSN
529,DXPE
530,DXYN
531,DYAI
532,DYNT
533,DZSI
534,DASA
535,EARN
536,EAST
537,EBET
538,EBON
539,ECOM
540,ECOR
541,EDAP
542,EDBL
543,EDRY
544,EDSA
545,EDTK
546,EDUC
547,EEIQ
548,EFOI
549,EFSH
550,EFTR
551,FFEC
552,EGAN
553,EGLX
554,EHTH
555,EIGR
556,EKSO
557,ELDN
558,ELEV
559,ELLO
560,ELMD
561,ELOX
562,ELSE
563,ELTK
564,ELVT
565,ELYM
566,ELYS
567,EMAN
568,EMCF
569,EMKR
570,EMCO
571,EMMS
572,EMWP
573,ENDP
574,ENLV
575,ENOB
576,ENSC
577,ENSV
578,ENTX
579,ENVB
580,EOSE
581,EPIX
582,EPSN
583,EPZM
584,EQOS
585,ERYP
586,ERYT
587,ESCA
588,ESEA
589,ESOA
590,ESPR
591,ETNB
592,ETON
593,ETST
594,ETTX
595,EVAX
596,EVER
597,EVEX
598,EVFM
599,EVGN
600,EVLO
601,EVLV
602,EVOK
603,EVOL
604,EVTL
605,EWTX
606,EXPR
607,EXTN
608,EYEN
609,EYES
610,EYPT
611,EZFL
612,EZGO
613,EZPW
614,EZCO
615,FAMI
616,FANH
617,FARM
618,FATH
619,FAZE
620,FBIO
621,FBRX
622,FBSS
623,FCCO
624,FCEL
625,FCUV
626,FDMT
627,FEDU
628,FEIM
629,FEMY
630,FENC
631,FENG
632,FFBW
633,FFHL
634,FHTX
635,FIXX
636,FKWL
637,FLGC
638,FLNC
639,FLNT
640,FLUX
641,FLXS
642,FMTX
643,FNCH
644,FNGR
645,FNHC
646,FNJN
647,FONR
648,FORA
649,FORD
650,FORK
651,FPAY
652,FPRX
653,FREE
654,FREQ
655,FRGI
656,FRGT
657,FRLN
658,FRSX
659,FSEA
660,FSFG
661,FSRD
662,FSTR
663,FSTX
664,FTCI
665,FTEK
666,FTEO
667,FTFT
668,FTHM
669,FTNW
670,FTSI
671,FULC
672,FURY
673,FUSB
674,FWBI
675,FXNC
676,GAIA
677,GALT
678,GAMB
679,GAME
680,GANX
681,GASS
682,GATO
683,GBIO
684,GBNH
685,GBOX
686,GCMG
687,GCTK
688,GECC
689,GENC
690,GENE
691,GEOS
692,GEVO
693,GFAI
694,GFED
695,GHSI
696,GIFI
697,GIGM
698,GILT
699,GIPR
700,GLBS
701,GLBZ
702,GLDG
703,GLMD
704,GLOP
705,GLSI
706,GLTO
707,GLUE
708,GLYC
709,GMBL
710,GMDA
711,GMGI
712,GMTX
713,GMVD
714,GNCA
715,GNFT
716,GENF
717,GNLN
718,GNMX
719,GNPX
720,GNSS
721,GNUS
722,GOCO
723,GOED
724,GOEV
725,GORO
726,GOVX
727,GRAY
728,GRCL
729,GREE
730,GRIL
731,GRIN
732,GRNQ
733,GROM
734,GROV
735,GROW
736,GROY
737,GRPH
738,GRTS
739,GRTX
740,GRVI
741,GRVY
742,GRAV
743,GRWG
744,GSIT
745,GSMG
746,GSUM
747,GSUN
748,GTBP
749,GTEC
750,GTHX
751,GTIM
752,GTYH
753,GURE
754,GWAV
755,GWRS
756,GYRO
757,HAPP
758,HARP
759,HAYN
760,HBIO
761,HCDI
762,HCTI
763,HCWB
764,HDSN
765,HEAR
766,HEPA
767,HEXO
768,HFBL
769,HFFG
770,HGBL
771,HGEN
772,HIHO
773,HILS
774,HITI
775,HLBZ
776,HMNF
777,HMPT
778,HNNA
779,HNRG
780,HNST
781,HOFT
782,HOFV
783,HOOK
784,HOTH
785,HOUR
786,HOWL
787,HROW
788,HRTG
789,HRTX
790,HSCS
791,HSDT
792,HSON
793,HSTO
794,HTCR
795,HTGM
796,HTOO
797,HUDI
798,HUGE
799,HUIZ
800,HURC
801,HUSA
802,HVBC
803,HWBK
804,HWCC
805,HYFM
806,HYMC
807,HYPR
808,HYRE
809,IBEX
810,IBIO
811,ICAD
812,ICCC
813,ICCH
814,ICCM
815,ICLK
816,ICMB
817,ICON
818,ICPT
819,ICVX
820,PART
821,IDAI
822,IDEX
823,IDRA
824,IDXG
825,IDYA
826,IFBD
827,IFMK
828,IFRX
829,IGIC
830,IINN
831,IKNA
832,IKNX
833,ILAG
834,IMAC
835,IMBI
836,IMCC
837,IMMP
838,IMMR
839,IMMX
840,IMNM
841,IMPL
842,IMPP
843,IMRA
844,IMRN
845,IMRX
846,IMTE
847,IMUX
848,INAB
849,INDO
850,INDP
851,INFI
852,INFU
853,INKT
854,INMB
855,INOD
856,INPX
857,INSE
858,INSG
859,INTG
860,INTT
861,INTZ
862,INUV
863,INVE
864,INVO
865,INVZ
866,INZY
867,IOBT
868,IONM
869,IPDN
870,IPHA
871,IPSC
872,IPWR
873,IRIX
874,IRNT
875,IROQ
876,ISDR
877,ISEE
878,ISIG
879,ISPC
880,ISPO
881,ISSC
882,ISUN
883,ITMR
884,ITRG
885,ITRM
886,ITRN
887,IVAC
888,IVDA
889,IZEA
890,JAGX
891,JAKK
892,JCSE
893,JFIN
894,JILL
895,JNCE
896,JOAN
897,JRJC
898,JRSH
899,JUPW
900,JWEL
901,JYNT
902,JZXN
903,KALA
904,KALV
905,KAVL
906,KBAL
907,KBNT
908,KDNY
909,KEQU
910,KERN
911,KFFB
912,KGJI
913,KINS
914,KIRK
915,KLDO
916,KLTR
917,KLXE
918,KMDA
919,KMPH
920,KNDI
921,KNSA
922,KNTE
923,KODK
924,KOPN
925,KORE
926,KOSS
927,KPLT
928,KPRX
929,KRBP
930,KRKR
931,KRMD
932,KRON
933,KRUS
934,KSCP
935,KSPN
936,KTCC
937,KTRA
938,KTTA
939,KUKE
940,KULR
941,KVHI
942,KXIN
943,KZIA
944,LABP
945,LAKE
946,LARK
947,LAZY
948,LBPH
949,LBPS
950,LCFY
951,LCTX
952,LCUT
953,LEAF
954,LEDS
955,LEGH
956,LEJU
957,LEXX
958,LFLY
959,LFMD
960,LFVN
961,LGHL
962,LGMK
963,LGVN
964,LHDX
965,LIFE
966,LILM
967,LINC
968,LINK
969,LIQT
970,LITB
971,LITM
972,LIVE
973,LIXT
974,LIZI
975,LJPC
976,LKCO
977,LLAP
978,LMDX
979,LMFA
980,LMNL
981,LMNR
982,LMPX
983,LMST
984,LNDC
985,LNSR
986,LENS
987,LOAN
988,LOCO
989,LODE
990,LOGC
991,LOTZ
992,LPCN
993,LPTH
994,LPTX
995,LQDA
996,LRMR
997,LSBK
998,LSEA
999,LTBR
1000,LTCH
1001,LTRN
1002,LTRX
1003,LTRY
1004,LUCD
1005,LUMO
1006,LUNA
1007,LVOX
1008,LVTX
1009,LAVA
1010,LWAY
1011,LXEH
1012,LXFR
1013,LXRX
1014,LYLT
1015,LYRA
1016,LYTS
1017,MACK
1018,MAIA
1019,MARA
1020,MARK
1021,MARP
1022,MASS
1023,MAXN
1024,MAYS
1025,MBCN
1026,MBII
1027,MBIO
1028,MBOT
1029,MBRX
1030,MCFT
1031,MCHX
1032,MCLD
1033,MCRB
1034,MDGS
1035,MDIA
1036,MDJH
1037,MDJM
1038,MDLY
1039,MDNA
1040,MDRR
1041,REIT
1042,MDVL
1043,MDWD
1044,MDWT
1045,MDXG
1046,MDXH
1047,MEDS
1048,MEIP
1049,MESA
1050,METC
1051,METX
1052,MFIN
1053,MFNC
1054,MGAM
1055,MGLD
1056,MGNX
1057,MGTA
1058,MGYR
1059,MHLD
1060,MHUA
1061,MICR
1062,MICS
1063,MICT
1064,MIGI
1065,MILE
1066,MIMO
1067,MIND
1068,MINM
1069,MIRO
1070,MIST
1071,MITC
1072,MITO
1073,MITQ
1074,MITT
1075,MKTW
1076,MLSS
1077,MLTX
1078,MMAT
1079,MMLP
1080,MMMB
1081,MNDO
1082,MNMD
1083,MNOV
1084,MNPR
1085,MNTS
1086,MNTX
1087,MOBQ
1088,MODD
1089,MOGO
1090,MOGU
1091,MOHO
1092,ECMO
1093,MOLN
1094,MOTS
1095,MOVE
1096,MOXC
1097,MPAA
1098,MRAI
1099,MRAM
1100,MRBK
1101,MREO
1102,MRIN
1103,MRKR
1104,MRNS
1105,MRSN
1106,MSBF
1107,MSGM
1108,MSPR
1109,MSVB
1110,MTBC
1111,MTCR
1112,MTEM
1113,MTEX
1114,MTMT
1115,MTNB
1116,MTRX
1117,MULN
1118,MVIS
1119,MYFW
1120,MYMD
1121,MYNZ
1122,MYSZ
1123,NAAS
1124,NAII
1125,NAOV
1126,NATH
1127,NATR
1128,NAVB
1129,NBEV
1130,NBGV
1131,NBRV
1132,NBSE
1133,NBTX
1134,NACC
1135,NCMI
1136,NCNA
1137,NCPL
1138,NCSM
1139,NCTY
1140,NDLS
1141,NDRA
1142,NEGG
1143,NEON
1144,NEOS
1145,NEOV
1146,NEPH
1147,NEPT
1148,NERV
1149,NETI
1150,NEWA
1151,NEWP
1152,NEXI
1153,NEXT
1154,NGMS
1155,NGVC
1156,NHLD
1157,NHTC
1158,NICK
1159,NILE
1160,NINE
1161,NISN
1162,NLSP
1163,NLTX
1164,NMCI
1165,NMRD
1166,NMTC
1167,NMTR
1168,NNBR
1169,NNDM
1170,NNVC
1171,NODK
1172,NOTV
1173,NOVN
1174,NPCE
1175,NRBO
1176,NRSN
1177,NRXP
1178,NSEC
1179,NSPR
1180,NSYS
1181,NTGN
1182,NTIC
1183,NTIP
1184,NTRB
1185,NTRP
1186,NTWK
1187,NURO
1188,NUWE
1189,NUZE
1190,NVCN
1191,NVCT
1192,NVEC
1193,NVFY
1194,NVIV
1195,NVNO
1196,HJLI
1197,NVOS
1198,NVVE
1199,NWPX
1200,NXGL
1201,NXPL
1202,NXTC
1203,NXTP
1204,NYMX
1205,OBAS
1206,OBCI
1207,OBLG
1208,OBSV
1209,OCGN
1210,OCUL
1211,OCUP
1212,OESX
1213,OFED
1214,OGEN
1215,OIIM
1216,OKYO
1217,OLMA
1218,OMER
1219,OMEX
1220,OMGA
1221,OMIC
1222,ONCR
1223,ONCS
1224,ONCT
1225,ONCY
1226,ONDS
1227,ONEW
1228,ONTX
1229,ONVO
1230,OPFI
1231,OPGN
1232,OPHC
1233,OPNT
1234,OPOF
1235,OPTN
1236,OPTT
1237,ORGS
1238,ORIC
1239,ORMP
1240,ORTX
1241,OSMT
1242,OSUR
1243,OTEL
1244,OTIC
1245,OTLK
1246,OTMO
1247,OTRK
1248,OTTW
1249,OUST
1250,OVID
1251,OVLY
1252,OWLT
1253,OXBR
1254,OYST
1255,PALI
1256,PALT
1257,PANL
1258,PASG
1259,PATI
1260,PAVM
1261,PAYS
1262,PBBI
1263,PBFS
1264,PBHC
1265,PBIP
1266,PBLA
1267,PBPB
1268,PBTS
1269,PBYI
1270,PCOM
1271,PCSA
1272,PCTI
1273,PCYG
1274,PCYO
1275,PDEX
1276,PDSB
1277,PENN
1278,SYLV
1279,ANIA
1280,REAL
1281,ESTA
1282,STME
1283,TRUS
1284,PERI
1285,PESI
1286,PETS
1287,PETV
1288,PETZ
1289,PFIE
1290,PFIN
1291,PFMT
1292,PFSW
1293,PGEN
1294,PHAS
1295,PHCF
1296,PHGE
1297,PHIO
1298,PHUN
1299,PIII
1300,PINE
1301,PIRS
1302,PIXY
1303,PKOH
1304,PLAG
1305,PLBY
1306,PLPC
1307,PLRX
1308,PLSE
1309,PLXP
1310,PMCB
1311,PMTS
1312,PNBK
1313,POAI
1314,POET
1315,POLA
1316,POWL
1317,POWW
1318,AMMO
1319,PPBT
1320,PPIH
1321,PPSI
1322,PPTA
1323,PRAX
1324,PRCH
1325,PRCP
1326,PRDS
1327,PRFX
1328,PRGX
1329,PRLD
1330,PROF
1331,PRPH
1332,PRPL
1333,PRPO
1334,PRQR
1335,PRSO
1336,PRTG
1337,PRTH
1338,PRTK
1339,PRTS
1340,PRTY
1341,PRVB
1342,PSHG
1343,PSNL
1344,PSTL
1345,PSTV
1346,PSTX
1347,PTGX
1348,PTIX
1349,PTPI
1350,PULM
1351,PUYI
1352,PWFL
1353,PXLW
1354,PYPD
1355,QBAK
1356,QIPT
1357,QLGN
1358,QMCO
1359,QNGY
1360,QNRX
1361,QRHC
1362,QTEK
1363,QTNT
1364,QUAD
1365,QUBT
1366,QUIK
1367,QUMU
1368,RAAS
1369,RAIL
1370,RAIN
1371,RAND
1372,RANI
1373,RAVE
1374,RBBN
1375,RBCN
1376,RBKB
1377,RCAT
1378,RCKY
1379,RCMT
1380,RCON
1381,RCRT
1382,RDBX
1383,RDCM
1384,RDHL
1385,RDUS
1386,RDVT
1387,REAX
1388,REED
1389,REFI
1390,REFR
1391,REKR
1392,RELI
1393,RELL
1394,RELV
1395,RENN
1396,RENO
1397,REPH
1398,REPX
1399,RESN
1400,RETO
1401,REVB
1402,RFIL
1403,RGCO
1404,RGLS
1405,RIBT
1406,RIDE
1407,RIGL
1408,RIOT
1409,RKDA
1410,RKLY
1411,RLGT
1412,RLYB
1413,RMAX
1414,RMBL
1415,RMCF
1416,RMED
1417,RMNI
1418,RMTI
1419,RNAZ
1420,RNDB
1421,RNGR
1422,RNLX
1423,RNWK
1424,RNXT
1425,ROOT
1426,ROSE
1427,RPHM
1428,RPID
1429,RPTX
1430,RRGB
1431,RSLS
1432,RSSS
1433,RUBY
1434,RVPH
1435,RVSN
1436,RWLK
1437,RXST
1438,RYAM
1439,RYTM
1440,RZLT
1441,SACH
1442,SALM
1443,SAMG
1444,SANG
1445,SANW
1446,SASI
1447,SAUC
1448,SAVA
1449,SBBP
1450,SBET
1451,SBEV
1452,SBFG
1453,SBFM
1454,SBIG
1455,SBTX
1456,SCKT
1457,SCOR
1458,CORE
1459,SCPH
1460,SCPS
1461,SCYX
1462,SDIG
1463,SDPI
1464,SEAC
1465,SEED
1466,SEEL
1467,SEER
1468,SELB
1469,SELF
1470,SENS
1471,SERA
1472,SESN
1473,SFBC
1474,SFET
1475,SGBX
1476,SGHT
1477,SGLY
1478,SGMA
1479,SGRP
1480,SGTX
1481,SHIP
1482,SHSP
1483,SIDU
1484,SIEB
1485,SIEN
1486,SIFY
1487,SIGA
1488,SIGM
1489,SILC
1490,SINT
1491,SIOX
1492,SISI
1493,SKYS
1494,SKYT
1495,SKYX
1496,SLCT
1497,SLDB
1498,SLGG
1499,SLGL
1500,SLHG
1501,SLNG
1502,SLNH
1503,SLNO
1504,SLQT
1505,SLRX
1506,SMED
1507,SMFL
1508,SMHI
1509,SMID
1510,SMIT
1511,SMLP
1512,SMMT
1513,SMSI
1514,SMTI
1515,SMTX
1516,SMTC
1517,SNAX
1518,SNCR
1519,SNDA
1520,SNDL
1521,SNES
1522,SNGX
1523,SNMP
1524,SNOA
1525,SNPX
1526,SNSE
1527,SNTG
1528,SOBR
1529,SOFO
1530,SOHO
1531,SOLO
1532,SONM
1533,SONN
1534,SONX
1535,SOPA
1536,SOPH
1537,TICS
1538,SORL
1539,SOTK
1540,SPCB
1541,SPHS
1542,SPIR
1543,SPNE
1544,SPOK
1545,SPPI
1546,SPRB
1547,SPRC
1548,SPRO
1549,SPWH
1550,SQFT
1551,SQNS
1552,SRAX
1553,SREV
1554,SRGA
1555,SRLP
1556,SRNE
1557,SRRA
1558,SRRK
1559,SRTS
1560,SRZN
1561,SSKN
1562,SSNT
1563,SSTI
1564,STAB
1565,STAF
1566,STCN
1567,STIM
1568,STKS
1569,STND
1570,STON
1571,STRM
1572,STRN
1573,STRO
1574,STRR
1575,STRS
1576,STRT
1577,STSA
1578,STSS
1579,STTK
1580,STXS
1581,SUMR
1582,SUNW
1583,SURF
1584,SURG
1585,SVBI
1586,SVFD
1587,SVRA
1588,SVRE
1589,SWKH
1590,SWVL
1591,SXTC
1592,SYBX
1593,SYNC
1594,SYNL
1595,SYPR
1596,SYRS
1597,SYTA
1598,TACT
1599,TAIT
1600,TALK
1601,TALS
1602,TANH
1603,TAOP
1604,TAPM
1605,TARA
1606,TARS
1607,TATT
1608,TAYD
1609,TBLT
1610,TCBP
1611,TCCO
1612,TCMD
1613,TCON
1614,TCRR
1615,TCRT
1616,TCRX
1617,TEDU
1618,TELA
1619,TENX
1620,TERN
1621,TESS
1622,TFFP
1623,TGAN
1624,THMO
1625,THRN
1626,THTX
1627,TIRX
1628,TISI
1629,TIVC
1630,TKAT
1631,TKLF
1632,TKNO
1633,TLGT
1634,TLIS
1635,TLMD
1636,TLSA
1637,TLYS
1638,TMBR
1639,TMDI
1640,TNON
1641,TNXP
1642,TNYA
1643,TOMZ
1644,TOMI
1645,TOPS
1646,TOUR
1647,TPHS
1648,TPIC
1649,TPST
1650,TRDA
1651,TRHC
1652,TRIB
1653,TRIL
1654,TRKA
1655,TRMT
1656,TRNX
1657,TROO
1658,TRUE
1659,TRVI
1660,TRVN
1661,TSAT
1662,TSHA
1663,TSRI
1664,TETR
1665,TTNP
1666,TTOO
1667,TTPH
1668,TTSH
1669,TUEM
1670,TUFN
1671,TURN
1672,TUSK
1673,TWIN
1674,DISC
1675,INCO
1676,RPOR
1677,ATED
1678,TXMD
1679,TYDE
1680,TYME
1681,TZOO
1682,UAMY
1683,UAVS
1684,UBCP
1685,UBOH
1686,UEIC
1687,UFAB
1688,UGRO
1689,ULBI
1690,UNAM
1691,UNCY
1692,UONE
1693,UPLD
1694,URGN
1695,UROY
1696,USAK
1697,USAP
1698,USAS
1699,USAU
1700,USDP
1701,USEA
1702,USEG
1703,USIO
1704,USOI
1705,USWS
1706,UTMD
1707,UTME
1708,UTSI
1709,UWMC
1710,UXIN
1711,VACC
1712,VAPO
1713,VAXX
1714,VBFC
1715,VBIV
1716,VBLT
1717,VCNX
1718,VECT
1719,VEDU
1720,VEEE
1721,VERA
1722,VERB
1723,VERI
1724,VERO
1725,VERU
1726,VERY
1727,VGFC
1728,VIAO
1729,VIEW
1730,VIGL
1731,VINC
1732,VINE
1733,VINO
1734,VIOT
1735,VIRC
1736,VIRI
1737,VIRX
1738,VISL
1739,VITL
1740,VIVE
1741,VIVK
1742,VJET
1743,VKTX
1744,VLCN
1745,VLDR
1746,VLNS
1747,VLON
1748,VLRX
1749,VLTA
1750,VMAR
1751,VNCE
1752,VNRX
1753,VNTR
1754,VOLT
1755,VOXX
1756,VRAR
1757,VRAX
1758,VRCA
1759,VRDN
1760,VRME
1761,VRNA
1762,PHAR
1763,VRPX
1764,VSTA
1765,VSTM
1766,VTGN
1767,VTNR
1768,VTRU
1769,VTSI
1770,VTVT
1771,VUZI
1772,VVOS
1773,VVPR
1774,VWTR
1775,VXRT
1776,VYGR
1777,VYNE
1778,VYNT
1779,VZLA
1780,WAFU
1781,WATT
1782,WAVD
1783,WAVE
1784,WBEV
1785,WEAV
1786,WEBK
1787,WEBR
1788,WEJO
1789,WETG
1790,WEYS
1791,WFCF
1792,WHLM
1793,WHLR
1794,WILC
1795,WIMI
1796,WINT
1797,WISA
1798,WKEY
1799,WKHS
1800,WKSP
1801,WLDN
1802,WLFC
1803,WLMS
1804,WORX
1805,WPRT
1806,WRAP
1807,WSTG
1808,WSTL
1809,WTER
1810,WTRH
1811,WULF
1812,WVFC
1813,WVVI
1814,XAIR
1815,XBIO
1816,XBIT
1817,XCUR
1818,XELA
1819,XELB
1820,XERS
1821,XFOR
1822,XNET
1823,XOMA
1824,XONE
1825,XPON
1826,XRTX
1827,XORT
1828,XSPA
1829,XTLB
1830,XTNT
1831,XXII
1832,YCBD
1833,YELL
1834,YGMZ
1835,YGYI
1836,YMAB
1837,YMTX
1838,YTEN
1839,YTRA
1840,YUMA
1841,ZAGG
1842,ZCMD
1843,ZDGE
1844,ZENV
1845,ZEPP
1846,ZEST
1847,ZEUS
1848,ZIVO
1849,ZKIN
1850,INTE
1851,RNAT
1852,IONA
1853,GROU
1854,ZTEK
1855,ZVIA
1856,ZYME
1857,ZYNE
1858,ZYXI
